,,,,,,,,,,,,,,,,,,g,,,,,,,,,,,,,,,,,,,,,,,,,,,,,
,,,,,,,,,,,,,,,,,,,,,,,,,,,,,,,,,,,,,,,,,,,,,,,
,,,,,,,,,,,,,,,,,,,,,,,,,,,,,,,,,,,,,,,,,,,,,,,
,,,,,,,,,,,,,,,,,,,,,,,,,,,,,,,,,,,,,,,,,,,,,,,
,,,,,,,,,,,eeu,,,,,,,,,,,,,,,,,em,,,,,,,,,,,,,,,,,,,
,,,,,,,,,,,,,,,,,,,,,,,,,,,,,,,,,,,,,,,,,,,,,,,
,,,,,,,,,,,,,,,,,,,,,,ees,,,,,,,,,,,,,,,,,,,,,,,,,
,,,,,,,,,,,,,,,,,,,,,,,,,,,,,,,,,,,eed,,,,,,,,,,,,
,,,,,,,,,,,,,,,,,,,,,,,,,,,,,,,,,,,,,,,,,,,,,,,
,,,,,,,ees,,,,,,,a,,,,,,,,,,ees,,,,,,,sco,,,,,,,,,,,,,,,,
lif,,,,,,,,,,,,,,,,,,,,,,,,,,,,,,,,,,,,,,,,,,,,,,,
,bul,em,,,,,,,,,,,,,,,,,,,,,,,,,,,,,,,,,,lif,,,,,,,,,,,
lif,,,,,,,,,,,,,,,,,,,,,,,,,,,,,,,,,,,,,,,,,,,,,,,
,bul,,,,,,,,ees,,,,,,rap,,,,,,,,,,,,sco,,em,,,,,,,,,,,,,,,,,,
lif,,,,,,,,,,,,,,,,,,,,,,ees,,,,,,,,,,a,,,bul,,,,,,,,,,,,
,,,,,,,,,,,,,,,,,,,,,,,,,,,,,,,,,,,,,,,,,,,,,,,
,,,,,,,,,,,,,,a,,,,,,,,,,,,,,,,,,,,,,,,,,,,,,,,,
,,,,,,,,,,,,,,,,,,,,,,,,,,,,,,,,,,,,,,,,,,,,,,,
,,,,,,,,,,,,,,,,,,,,,,,,,ees,,,,,,,,,,,,,,,,,,,,,,
,,,,,,,,,ees,,,,,,,,,,,,,,,,,,,,,,,,,,,,,,,,,,,,,,b
,,,,,,,,,,,eed,,,,,,,,,,,,,,,,,,,,,sco,,,,bul,,,,,,,,,,,
,,,,,,,,,,,,,,,,,,,,,,,,,,,,,,,,,,,,,,,,,,,,,,,
,,,em,,,,,,,,,,,,,,,,,,,ees,,,,,,,em,,,,,eeu,,,,,,,,,,,,,
